1,http://www.latimes.com/opinion/editorials/la-ed-mulvaney-pay-to-play-20180425-story.html,04-25-2018
1,http://www.latimes.com/opinion/op-ed/la-oe-arellano-oc-homeless-20180425-story.html,04-25-2018
1,http://www.latimes.com/opinion/editorials/la-ed-pruitt-epa-science-regulations-trump-20180425-story.html,04-25-2018
1,http://www.latimes.com/opinion/op-ed/la-ol-patt-morrison-jordon-dyrdahl-ice-immigration-20180418-htmlstory.html,04-25-2018
1,http://www.latimes.com/opinion/editorials/la-ed-scotus-alien-20180425-story.html,04-25-2018
1,http://www.latimes.com/opinion/op-ed/la-oe-depetris-military-authorization-20180425-story.html,04-25-2018
1,http://www.latimes.com/opinion/op-ed/la-oe-duwe-rocque-mass-shootings-mental-illness-20180223-story.html,04-25-2018
1,http://www.latimes.com/opinion/op-ed/la-oe-kaplan-starbucks-20180424-story.html,04-25-2018
1,http://www.latimes.com/opinion/editorials/la-ed-travis-allen-20180424-story.html,04-25-2018
1,http://www.latimes.com/opinion/editorials/la-ed-paramedics-sobering-center-law-20180423-story.html,04-25-2018
1,http://www.latimes.com/opinion/editorials/la-ed-el-mercado-lorena-lawsuit-20180421-story.html,04-25-2018
1,http://www.latimes.com/opinion/editorials/la-ed-three-californias-20180421-story.html,04-25-2018
1,http://www.latimes.com/opinion/editorials/la-ed-enemy-combatant-20180420-story.html,04-25-2018
1,http://www.latimes.com/opinion/op-ed/la-oe-geltzer-travel-ban-legal-defects-20180424-story.html,04-25-2018
1,http://www.latimes.com/opinion/op-ed/la-oe-collins-political-speech-20180424-story.html,04-25-2018
1,http://www.latimes.com/opinion/op-ed/la-oe-goldberg-north-korea-trump-20180424-story.html,04-25-2018
1,http://www.latimes.com/opinion/op-ed/la-oe-berlatsky-paul-ryan-consistency-20180423-story.html,04-25-2018
1,http://www.latimes.com/opinion/op-ed/la-oe-heffernan-comey-trump-mob-20180421-story.html,04-25-2018
1,http://www.latimes.com/opinion/op-ed/la-oe-friedman-la-youth-drain-20180420-story.html,04-25-2018
1,http://www.latimes.com/opinion/op-ed/la-oe-arellano-coachella-valley-20180418-story.html,04-25-2018
1,http://www.latimes.com/opinion/op-ed/la-oe-goldberg-syria-strikes-trump-20180417-story.html,04-25-2018
1,http://www.latimes.com/opinion/op-ed/la-oe-ulin-california-nicknames-20180417-story.html,04-25-2018
1,http://www.latimes.com/opinion/op-ed/la-oe-meyerson-california-trump-war-20180415-story.html,04-25-2018
2,/commentisfree/all,04-25-2018
2,https://www.theguardian.com/commentisfree/2018/apr/25/incels-violent-misogyny-toronto-facebook,04-25-2018
2,https://www.theguardian.com/commentisfree/2018/apr/24/tory-windrush-brexiters-theresa-may-black-votes,04-25-2018
2,https://www.theguardian.com/commentisfree/2018/apr/24/macron-charm-trump-lead-europe-french-president,04-25-2018
2,https://www.theguardian.com/commentisfree/2018/apr/25/handmaids-tale-season-2-return-trump-america-2018,04-25-2018
2,https://www.theguardian.com/commentisfree/2018/apr/25/can-you-be-socialist-and-rich-google,04-25-2018
2,https://www.theguardian.com/commentisfree/2018/apr/24/trump-misogyny-playboy-models-karen-mcdougal,04-25-2018
2,https://www.theguardian.com/commentisfree/2018/apr/24/happy-birthday-youtube-terrifying-cesspit-clickbait-13,04-25-2018
2,https://www.theguardian.com/commentisfree/2018/apr/21/media-experts-without-expertise,04-25-2018
2,https://www.theguardian.com/commentisfree/2018/apr/24/foreign-policy-congress-trump,04-25-2018
2,https://www.theguardian.com/commentisfree/2018/apr/21/james-comey-memos-reporters-leakers-head-pike-donald-trump,04-25-2018
2,https://www.theguardian.com/commentisfree/2018/apr/22/leaks-trump-deep-state-fbi-cia-michael-flynn,04-25-2018
2,https://www.theguardian.com/commentisfree/2018/apr/17/millionaire-zero-jobs-taxes,04-25-2018
2,https://www.theguardian.com/commentisfree/2018/apr/25/the-guardian-view-on-the-toronto-van-attack-a-misogynist-movement-spreads,04-25-2018
2,https://www.theguardian.com/commentisfree/2018/apr/25/the-guardian-view-on-analogue-clocks-their-time-has-not-run-out,04-25-2018
2,https://www.theguardian.com/commentisfree/2018/apr/23/the-guardian-view-on-macron-in-washington-a-need-for-results,04-25-2018
2,https://www.theguardian.com/commentisfree/2018/mar/29/sexual-freedom-fosta-sosta,04-25-2018
2,https://www.theguardian.com/commentisfree/2018/apr/07/amazon-donald-trump-america-jeff-bezos,04-25-2018
2,https://www.theguardian.com/world/commentisfree/2018/jan/13/the-week-in-patriarchy-women-are-strong-when-we-stick-up-together,04-25-2018
2,https://www.theguardian.com/commentisfree/2018/apr/16/james-comey-trump-interview-mistake,04-25-2018
2,https://www.theguardian.com/commentisfree/2018/apr/25/brigitte-macron-donald-trump-leaders,04-25-2018
2,https://www.theguardian.com/commentisfree/2018/apr/25/angry-donald-trump-comes-to-britain-toptrumptargets,04-25-2018
2,https://www.theguardian.com/commentisfree/2018/apr/24/trumps-invitation-to-the-macrons-makes-for-fantastique-photographs,04-25-2018
2,https://www.theguardian.com/commentisfree/picture/2018/apr/25/steve-bell-on-boris-johnson-theresa-may-and-the-windrush-scandal-cartoon,04-25-2018
2,https://www.theguardian.com/commentisfree/2018/apr/25/muslim-ban-makes-americans-especially-this-one-less-safe,04-25-2018
2,https://www.theguardian.com/commentisfree/all,04-25-2018
3,https://www.aljazeera.com/indepth/opinion/,04-25-2018
3,https://www.aljazeera.com/indepth/opinion/dnc-lawsuit-trump-campaign-great-180425080045910.html,04-25-2018
3,https://www.aljazeera.com/indepth/opinion/trump-offering-saudi-arabia-bad-deal-syria-180425053232930.html,04-25-2018
3,https://www.aljazeera.com/indepth/opinion/putin-russian-internet-01-180424170551334.html,04-25-2018
3,https://www.aljazeera.com/indepth/opinion/military-coup-iran-180424144510759.html,04-25-2018
3,https://www.aljazeera.com/indepth/opinion/nyt-partook-plunder-iraq-180424100839509.html,04-25-2018
3,https://www.aljazeera.com/indepth/opinion/profile/sinan-antoon.html,04-25-2018
3,https://www.aljazeera.com/indepth/opinion/starbucks-scandal-epic-fail-180423075741891.html,04-25-2018
3,https://www.aljazeera.com/indepth/opinion/profile/susan-abulhawa.html,04-25-2018
3,https://www.aljazeera.com/indepth/opinion/natalie-portman-real-story-180423142753277.html,04-25-2018
3,https://www.aljazeera.com/indepth/opinion/profile/catherine-rottenberg-.html,04-25-2018
3,https://www.aljazeera.com/indepth/opinion/north-korea-denuclearisation-180423070327499.html,04-25-2018
3,https://www.aljazeera.com/indepth/opinion/pakistan-long-metoo-moment-180422151525450.html,04-25-2018
3,https://www.aljazeera.com/indepth/opinion/profile/rabia-mehmood-.html,04-25-2018
3,https://www.aljazeera.com/indepth/opinion/syria-beginning-cold-war-180422075430047.html,04-25-2018
3,https://www.aljazeera.com/indepth/opinion/potent-protest-movement-emerging-armenia-180419135116999.html,04-25-2018
3,https://www.aljazeera.com/indepth/opinion/syria-2018-iraq-2003-180419144317070.html,04-25-2018
3,https://www.aljazeera.com/indepth/opinion/popularity-enoch-powell-racist-speech-180419160459434.html,04-25-2018
3,https://www.aljazeera.com/indepth/opinion/profile/alastair-sloan.html,04-25-2018
3,https://www.aljazeera.com/indepth/opinion/rape-political-tool-india-180419091411624.html,04-25-2018
3,https://www.aljazeera.com/indepth/opinion/shadow-empire-uk-windrush-scandal-180419073609755.html,04-25-2018
3,https://www.aljazeera.com/indepth/opinion/zuckerberg-facebook-hearing-180419104958299.html,04-25-2018
3,https://www.aljazeera.com/indepth/opinion/meet-eu-member-state-montenegro-180418115545134.html,04-25-2018
3,https://www.aljazeera.com/indepth/opinion/north-korea-changing-180418063201529.html,04-25-2018
3,https://www.aljazeera.com/indepth/opinion/weakened-khalifa-haftar-means-instability-libya-180417105543440.html,04-25-2018
3,https://www.aljazeera.com/indepth/opinion/uk-prevent-programme-doesn-work-180411114522226.html,04-25-2018
3,https://www.aljazeera.com/indepth/opinion/child-rape-cases-shook-indian-politics-180416091103385.html,04-25-2018
4,https://www.bloomberg.com/view/articles/2018-04-25/trump-and-macron-aren-t-such-an-odd-couple,04-25-2018
4,https://www.bloomberg.com/view/articles/2018-04-25/ncaa-scandal-commission-reforms-will-fix-nothing,04-25-2018
4,https://www.bloomberg.com/view/articles/2018-04-25/north-korea-s-secret-weapon-an-electromagnetic-storm,04-25-2018
4,https://www.bloomberg.com/view/articles/2018-04-25/mexico-city-s-water-problem-is-going-to-get-worse,04-25-2018
4,https://www.bloomberg.com/view/articles/2018-04-25/a-special-counsel-firing-would-be-a-different-story,04-25-2018
4,https://www.bloomberg.com/view/articles/2018-04-25/justice-kagan-has-a-plan-to-end-trump-s-travel-ban,04-25-2018
4,https://www.bloomberg.com/view/articles/2018-04-25/what-if-hypothetically-yahoo-had-been-hacked,04-25-2018
4,https://www.bloomberg.com/view/articles/2018-04-25/supreme-court-leaves-patent-system-a-mess,04-25-2018
4,https://www.bloomberg.com/view/articles/2018-04-25/arizona-s-democratic-loss-still-looks-like-a-win,04-25-2018
4,https://www.bloomberg.com/view/articles/2018-04-25/ritholtz-s-reads-bitcoin-s-scam-fake-video-and-mosquitoes,04-25-2018
4,https://www.bloomberg.com/gadfly/articles/2018-04-25/facebook-earnings-growth-in-daily-users-slips-as-revenue-gains,04-25-2018
4,https://www.bloomberg.com/gadfly/articles/2018-04-25/at-t-earnings-expose-weaknesses-as-a-stand-alone,04-25-2018
4,https://www.bloomberg.com/gadfly/articles/2018-04-25/ge-s-relief-rally-gets-a-reality-check-from-moody-s,04-25-2018
4,https://www.bloomberg.com/gadfly/articles/2018-04-25/glaxosmithkline-earnings-fixing-pharma-on-a-budget,04-25-2018
4,https://www.bloomberg.com/gadfly/articles/2018-04-25/from-comcast-to-viacom-media-m-a-takes-more-twists,04-25-2018
4,https://www.bloomberg.com/gadfly/articles/2018-04-25/christmas-comes-early-for-permian-refiners,04-25-2018
4,https://www.bloomberg.com/gadfly/articles/2018-04-25/comcast-s-cut-price-sky-bid,04-25-2018
4,https://www.bloomberg.com/gadfly/articles/2018-04-25/twitter-is-off-the-takeover-rumor-merry-go-round,04-25-2018
4,https://www.bloomberg.com/gadfly/articles/2018-04-25/wework-s-junk-bond-adventure-raises-18-billion-question,04-25-2018
4,https://www.bloomberg.com/gadfly/articles/2018-04-25/twitter-earnings-it-s-no-longer-a-disaster-but-don-t-celebrate,04-25-2018
4,https://www.bloomberg.com/gadfly/articles/2018-04-25/financial-advisers-need-steady-learning-to-keep-earning,04-25-2018
4,https://www.bloomberg.com/gadfly/articles/2018-04-25/who-cares-about-a-3-10-year,04-25-2018
4,https://www.bloomberg.com/gadfly/articles/2018-04-25/wells-fargo-s-subprime-smudge-charts,04-25-2018
4,https://www.bloomberg.com/gadfly/articles/2018-04-25/whitbread-s-habit-of-delaying-is-tough-to-break-costa-premier-inn,04-25-2018
4,https://www.bloomberg.com/gadfly/articles/2018-04-25/thiam-lands-a-heavy-blow-on-his-hedge-fund-antagonist,04-25-2018
4,https://www.bloomberg.com/gadfly/articles/2018-04-25/music-s-search-for-growth-means-even-more-ed-sheeran,04-25-2018
4,https://www.bloomberg.com/gadfly/articles/2018-04-25/shire-does-shareholders-a-favor-in-takeda-deal,04-25-2018
4,https://www.bloomberg.com/gadfly/articles/2018-04-25/worried-about-caterpillar-get-a-komatsu-reality-check,04-25-2018
4,https://www.bloomberg.com/gadfly/articles/2018-04-25/in-hong-kong-ipos-big-bang-stands-for-buyer-beware,04-25-2018
4,https://www.bloomberg.com/gadfly/articles/2018-04-25/stock-chickens-bond-eggs-and-beijing-s-guiding-stars,04-25-2018
4,https://www.bloomberg.com/view/articles/2018-04-25/tech-is-getting-eu-privacy-rules-all-wrong,04-25-2018
4,https://www.bloomberg.com/view/articles/2018-04-25/why-trump-gets-away-with-lying,04-25-2018
4,https://www.bloomberg.com/view/articles/2018-04-25/north-korea-s-secret-weapon-an-electromagnetic-storm,04-25-2018
4,https://www.bloomberg.com/view/articles/2018-04-25/how-the-u-s-should-handle-china-s-high-tech-ambitions,04-25-2018
4,https://www.bloomberg.com/view/articles/2018-04-25/why-trump-gets-away-with-lying,04-25-2018
4,https://www.bloomberg.com/view/articles/2018-04-25/supreme-court-leaves-patent-system-a-mess,04-25-2018
4,https://www.bloomberg.com/view/articles/2018-04-23/trump-likes-gaming-the-forbes-400-it-s-a-con,04-25-2018
4,https://www.bloomberg.com/view/articles/2018-04-25/a-special-counsel-firing-would-be-a-different-story,04-25-2018
4,https://www.bloomberg.com/view/articles/2018-04-24/holding-up-a-mirror-to-the-intellectuals-of-the-left,04-25-2018
4,https://www.bloomberg.com/view/articles/2018-04-25/critics-of-economics-are-dwelling-in-the-past,04-25-2018
4,https://www.bloomberg.com/view/articles/2018-04-25/euro-bulls-need-to-show-a-little-patience,04-25-2018
4,https://www.bloomberg.com/view/articles/2018-04-25/tech-companies-should-regulate-themselves,04-25-2018
4,https://www.bloomberg.com/view/articles/2018-04-25/the-dollar-is-still-the-king-of-currencies,04-25-2018
4,https://www.bloomberg.com/view/articles/2018-04-25/the-euro-zone-needs-common-deposit-insurance,04-25-2018
4,https://www.bloomberg.com/view/articles/2018-04-25/how-the-u-s-should-handle-china-s-high-tech-ambitions,04-25-2018
4,https://www.bloomberg.com/view/articles/2018-04-24/for-china-s-buddhist-monks-an-ipo-too-far,04-25-2018
4,https://www.bloomberg.com/view/articles/2018-04-24/it-s-time-to-tighten-north-korea-sanctions-not-ease-them,04-25-2018
4,https://www.bloomberg.com/view/articles/2018-04-24/reserve-bank-of-new-zealand-should-lose-the-hubris,04-25-2018
4,https://www.bloomberg.com/view/articles/2018-04-24/end-the-natural-born-citizen-requirement-for-presidents,04-25-2018
4,https://www.bloomberg.com/view/articles/2018-04-24/democrats-are-resisting-trump-s-nominations-for-a-reason,04-25-2018
4,https://www.bloomberg.com/view/articles/2018-04-24/markets-better-prepare-for-rising-inflation-and-weaker-growth,04-25-2018
4,https://www.bloomberg.com/view/articles/2018-04-24/macron-offers-trump-a-third-way-in-syria,04-25-2018
5,https://chicago.suntimes.com/section/opinion/,04-25-2018
5,https://chicago.suntimes.com/section/columnists/,04-25-2018
5,https://chicago.suntimes.com/columnists/world-wouldnt-be-without-newspaper-digital-subscribe-subscription-reagan-ford/,04-25-2018
5,https://chicago.suntimes.com/opinion/respecting-voting-rights-jail-detainees-doesnt-coddle-criminals-illinois-legislature-juliana-stratton/,04-25-2018
5,https://chicago.suntimes.com/opinion/too-many-americans-have-no-regard-for-others-safety/,04-25-2018
5,https://chicago.suntimes.com/opinion/editorial-pages-may-question-my-hiring-but-i-will-fight-for-whats-necessary/,04-25-2018
5,https://chicago.suntimes.com/opinion/gang-loitering-ordinance-city-council/,04-25-2018
5,https://chicago.suntimes.com/opinion/illinois-burns-through-billions-wasted-dollars-government-legislature/,04-25-2018
5,https://chicago.suntimes.com/columnists/how-a-program-trump-wants-to-kill-gave-an-unauthorized-chicago-immigrant-a-new-life/,04-25-2018
5,https://chicago.suntimes.com/opinion/if-you-think-state-lawmakers-are-overpaid-get-a-load-of-the-chicago-city-council/,04-25-2018
5,https://chicago.suntimes.com/columnists/trump-gives-peace-a-chance-in-deciding-to-meet-with-north-korea/,04-25-2018
5,https://chicago.suntimes.com/columnists/comey-and-the-secret-russian-document/,04-25-2018
5,https://chicago.suntimes.com/columnists/the-shameful-silence-of-americas-ceos/,04-25-2018
5,https://chicago.suntimes.com/opinion/editorial-how-not-to-run-a-bus-company-for-open-minded-college-kids/,04-25-2018
5,https://chicago.suntimes.com/opinion/bad-illinois-gun-law-blame-waffle-house-shooter-having-ar-15-reinking-travis/,04-25-2018
5,https://chicago.suntimes.com/columnists/between-now-and-friday-heres-how-you-can-bring-greater-democracy-to-illinois/,04-25-2018
6,https://www.csmonitor.com/Commentary/the-monitors-view,04-25-2018
6,https://www.csmonitor.com/Commentary/upfront-blog,04-25-2018
6,https://www.csmonitor.com/Commentary/Global-Newsstand,04-25-2018
6,https://www.csmonitor.com/Commentary/the-monitors-view/2018/0425/Macron-s-embrace-of-Trump-not-Trumpism,04-25-2018
6,https://www.csmonitor.com/Commentary/the-monitors-view/2018/0418/Moon-shot-for-peace-between-the-Koreas,04-25-2018
6,https://www.csmonitor.com/Commentary/the-monitors-view/2018/0417/India-s-swing-in-favor-of-girls,04-25-2018
6,https://www.csmonitor.com/Commentary/the-monitors-view/2018/0416/Trump-s-attack-on-Syria-a-bias-for-hope,04-25-2018
6,https://www.csmonitor.com/Commentary/upfront-blog/2018/0415/To-improve-the-world-enlist-girls-too,04-25-2018
6,https://www.csmonitor.com/Commentary/Global-Newsstand/2018/0414/Time-for-an-tax-overhaul-for-digital-multinationals-Why-China-and-the-West-diverge-sharply-on-privacy-Understanding-Pakistan-s-anti-Malala-sentiment-The-West-has-struggled-to-deal-decisively-with-Russia-Winnie-Mandela-was-Africa-s-Rosa-Parks,04-25-2018
6,https://www.csmonitor.com/Commentary/the-monitors-view/2018/0424/An-Armenian-rhapsody,04-25-2018
6,https://www.csmonitor.com/Commentary/the-monitors-view/2018/0423/Why-a-wave-of-Asian-summitry,04-25-2018
6,https://www.csmonitor.com/Commentary/upfront-blog/2018/0422/Where-maple-syrup-meets-global-economics,04-25-2018
6,https://www.csmonitor.com/Commentary/Global-Newsstand/2018/0421/The-US-and-its-allies-knocked-Russia-off-balance-Pleading-for-a-de-escalation-of-the-US-China-trade-war-The-jailing-of-Lula-reveals-unequal-treatment-of-corrupt-politicians-US-postwar-management-of-Iraq-has-been-a-disaster-Learn-from-life-mistakes,04-25-2018
6,https://www.csmonitor.com/Commentary/the-monitors-view/2018/0420/The-art-of-parsing-apologies,04-25-2018
6,https://www.csmonitor.com/Commentary/the-monitors-view/2018/0419/The-new-mercy-for-corrupt-firms-that-fess-up,04-25-2018
6,https://www.csmonitor.com/Commentary/Global-Newsstand/2018/0407/A-US-China-trade-war-is-a-lose-lose-proposition-The-West-must-bring-Russia-to-the-negotiating-table-The-UAE-and-Saudi-Arabia-s-enthusiasm-for-Pompeo-will-be-brief-The-EU-should-stop-appeasing-Erdogan-Time-to-take-back-control-of-our-personal-data,04-25-2018
6,https://www.csmonitor.com/Commentary/Global-Newsstand/2018/0331/Expect-more-of-the-same-during-President-Putin-s-next-term-Pompeo-appointment-signals-a-more-extreme-US-foreign-policy-Brexit-is-a-colossal-waste-Saudi-Arabia-flags-a-nuclear-arms-race-Aung-San-Suu-Kyi-stays-silent-on-the-Rohingya-genocide,04-25-2018
6,https://www.csmonitor.com/Commentary/Global-Newsstand/2018/0324/The-bottom-line-on-Trump-s-Kim-Jong-un-meeting-How-the-West-should-deal-with-the-Russian-nerve-gas-attack-Francis-Fukuyama-was-wrong-on-liberal-democracy-Australian-gun-control-did-stop-mass-killings-Gender-equality-is-not-a-zero-sum-game,04-25-2018
7,https://www.cnn.com/opinions,04-25-2018
7,https://www.cnn.com/2018/04/25/opinions/mick-mulvaney-delivers-the-chilling-truth-sachs/index.html,04-25-2018
7,https://www.cnn.com/2018/04/25/opinions/macron-achieved-mission-impossible-with-trump-ghitis-opinion/index.html,04-25-2018
7,https://www.cnn.com/2018/04/25/opinions/rana-plaza-factory-anniversary-lessons-opinion-greenhouse/index.html,04-25-2018
7,https://www.cnn.com/2018/04/24/opinions/trumps-worst-sin-against-ronny-jackson-lizza/index.html,04-25-2018
7,https://www.cnn.com/2018/04/24/opinions/melania-trump-state-dinner-and-a-new-first-lady-andersen-brower-opinion/index.html,04-25-2018
7,https://www.cnn.com/2018/04/24/opinions/school-house-rock-opinion-seymour/index.html,04-25-2018
7,https://www.cnn.com/2018/04/24/opinions/canada-shows-the-world-the-right-way-to-face-up-to-evil-cohen/index.html,04-25-2018
7,https://www.cnn.com/2018/04/24/opinions/koch-network-opinion-davis/index.html,04-25-2018
7,https://www.cnn.com/2018/04/24/opinions/venezuela-maduro-regime-needs-regional-solution-rubio-opinion/index.html,04-25-2018
7,https://www.cnn.com/2018/04/24/opinions/its-not-just-the-waffle-house-shooters-fault-filipovic/index.html,04-25-2018
7,https://www.cnn.com/2018/04/24/opinions/extend-federal-sexual-harassment-protection-ramirez-poo/index.html,04-25-2018
7,https://www.cnn.com/2018/04/23/opinions/sean-hannity-is-a-welfare-queen-begala/index.html,04-25-2018
7,https://www.cnn.com/2018/04/23/opinions/kellyanne-conway-doesnt-get-to-cry-sexism-on-bash-hossain/index.html,04-25-2018
7,https://www.cnn.com/2018/04/23/opinions/what-tammy-duckworth-baby-in-senate-means-michelle-wu-opinion/index.html,04-25-2018
7,https://www.cnn.com/2018/04/23/opinions/trump-could-tell-truth-about-armenian-genocide-chemali/index.html,04-25-2018
7,https://www.cnn.com/2017/09/04/opinions/royal-baby-kate-middleton-harry-mount-opinion/index.html,04-25-2018
7,https://www.cnn.com/2018/04/23/opinions/trump-law-and-order-lie-opinion-obeidallah/index.html,04-25-2018
7,https://www.cnn.com/2018/04/23/opinions/trump-travel-ban-fuels-terrorism-clapper-geltzer-olsen/index.html,04-25-2018
7,https://www.cnn.com/2018/04/23/opinions/trumps-tweets-why-is-he-always-shouting-ben-ghiat/index.html,04-25-2018
7,https://www.cnn.com/2018/04/24/opinions/millicent-fawcett-statue-caroline-criado-perez-intl/index.html,04-25-2018
7,https://www.cnn.com/2018/04/19/opinions/racism-as-british-as-a-cup-of-tea-opinion-intl/index.html,04-25-2018
7,https://www.cnn.com/2018/04/20/opinions/isis-bride-children-opinion-lemmon/index.html,04-25-2018
7,https://www.cnn.com/2018/04/19/opinions/cubas-new-president-rebranding-repression-ghitis/index.html,04-25-2018
7,https://www.cnn.com/2018/04/19/opinions/warsaw-uprising-anniversary-opinion-rakowiecka/index.html,04-25-2018
7,https://www.cnn.com/2018/04/19/opinions/democracy-hard-brexit-merrick-opinion-intl/index.html,04-25-2018
7,https://www.cnn.com/2018/04/19/opinions/comeys-unforgivable-error-lizza/index.html,04-25-2018
7,https://www.cnn.com/2018/04/22/opinions/macrons-bromance-with-trump-will-come-at-a-price-vinograd/index.html,04-25-2018
7,https://www.cnn.com/2018/04/23/opinions/trump-macron-what-do-they-want-andelman-opinion-intl/index.html,04-25-2018
7,https://www.cnn.com/2018/04/23/opinions/taken-from-their-parents-there-is-nothing-right-about-this-reyes/index.html,04-25-2018
7,https://www.cnn.com/2018/04/22/opinions/romney-trump-effect-senate-opinion-zelizer/index.html,04-25-2018
7,https://www.cnn.com/2018/04/22/opinions/trump-kim-meeting-doomed-opinion-metzl/index.html,04-25-2018
7,https://www.cnn.com/2018/04/22/opinions/jamie-margolin-climate-change/index.html,04-25-2018
7,https://www.cnn.com/2018/04/20/opinions/trump-forbes-400-dantonio-opinion/index.html,04-25-2018
7,https://www.cnn.com/2018/04/22/opinions/michael-bloomberg-2020-candidate-opinion-wierson/index.html,04-25-2018
7,https://www.cnn.com/2018/04/17/opinions/barbara-bush-opinion-brower/index.html,04-25-2018
7,https://www.cnn.com/2018/04/19/opinions/tennessee-legislature-punishes-memphis-sawyer-opinion/index.html,04-25-2018
7,https://www.cnn.com/2018/04/20/opinions/rudy-giuliani-joins-trump-team-now-what-louis-opinion/index.html,04-25-2018
7,https://www.cnn.com/2018/02/14/opinions/disability-access-under-attack-trump-hr-620-cokley-opinion/index.html,04-25-2018
7,https://www.cnn.com/2018/01/23/opinions/melania-trump-davos-filipovic/index.html,04-25-2018
7,https://www.cnn.com/2018/03/06/opinions/trump-might-have-accidentally-made-north-korea-talk-opinion-cristol/index.html,04-25-2018
7,https://www.cnn.com/2018/03/08/opinions/sessions-problem-with-california-is-bogus-reyes/index.html,04-25-2018
7,https://www.cnn.com/2018/03/07/opinions/problem-with-jared-kushner-in-white-house-opinion-wertheimer-eisen-canter/index.html,04-25-2018
7,https://www.cnn.com/2018/03/26/opinions/trump-bolton-cambridge-analytica-investigation-wertheimer-eisen/index.html,04-25-2018
7,https://www.cnn.com/2018/03/26/opinions/muellers-critics-are-wrong-about-his-role-zeldin/index.html,04-25-2018
7,https://www.cnn.com/2018/04/18/opinions/beychella-reminds-us-beyonce-is-a-fighter-jones-opinion/index.html,04-25-2018
7,https://www.cnn.com/2018/04/20/opinions/opioid-crisis-has-four-legged-victims-desmond-opinion/index.html,04-25-2018
7,https://www.cnn.com/2018/04/18/opinions/robert-kraft-meek-mill-kaepernick-opinion-bailey/index.html,04-25-2018
7,https://www.cnn.com/2018/04/17/opinions/sean-hannity-needs-a-class-in-journalistic-ethics-callan/index.html,04-25-2018
7,https://www.cnn.com/2018/04/18/opinions/bipartisan-prison-reform-van-jones-opinion/index.html,04-25-2018
7,https://www.cnn.com/2018/04/19/opinions/marijuana-black-and-brown-communities-opinion-forman-rajagopalan/index.html,04-25-2018
7,https://www.cnn.com/2018/04/18/opinions/what-happened-on-that-southwest-flight-opinion-abend/index.html,04-25-2018
7,https://www.cnn.com/2018/04/18/opinions/southwests-hero-pilot-kayyem/index.html,04-25-2018
7,https://www.cnn.com/2018/04/19/opinions/stephon-clark-tweets-hurt-women-bolton-opinion/index.html,04-25-2018
7,https://www.cnn.com/2018/04/16/opinions/philadelphia-starbucks-sounds-familiar-to-me-w-kamau-bell-opinion/index.html,04-25-2018
7,https://www.cnn.com/2018/04/16/opinions/philadelphia-starbucks-why-i-tweeted-the-video-depino-opnion/index.html,04-25-2018
7,https://www.cnn.com/2018/04/16/opinions/mariah-carey-bipolar-stigma-breaks-my-heart-lazzara-opinion/index.html,04-25-2018
7,https://www.cnn.com/2018/04/16/opinions/the-only-good-news-in-the-starbucks-story-seymour/index.html,04-25-2018
7,https://www.cnn.com/2018/04/16/opinions/kendrick-lamar-pulitzer-cane/index.html,04-25-2018
7,https://www.cnn.com/2018/04/15/opinions/tony-robbins-metoo-backlash-opinion-drexler/index.html,04-25-2018
7,https://www.cnn.com/2018/04/13/opinions/twitter-changes-terms-on-disability-blake-opinion/index.html,04-25-2018
7,https://www.cnn.com/2017/04/15/opinions/overheating-of-great-barrier-reef-doubilet/index.html,04-25-2018
7,https://www.cnn.com/2017/07/25/opinions/nudity-hollywood-opinion-davis/index.html,04-25-2018
7,https://www.cnn.com/2017/03/19/opinions/oxford-comma-ambiguity-opinion-mcwhorter/index.html,04-25-2018
7,https://www.cnn.com/2017/04/02/opinions/stress-killing-us-keating-opinion/index.html,04-25-2018
7,https://www.cnn.com/2017/02/14/opinions/how-warren-taught-us-optimism-gates-opinion/index.html,04-25-2018
7,http://www.cnn.com/specials/opinions/free-press,04-25-2018
7,https://www.cnn.com/2017/12/20/opinions/cnn-free-press-26-voices/index.html,04-25-2018
7,https://www.cnn.com/2017/12/01/opinions/digital-media-friend-foe-opinion-newmark/index.html,04-25-2018
7,https://www.cnn.com/2017/11/30/opinions/project-veritas-fact-checking-opinion-louis/index.html,04-25-2018
7,https://www.cnn.com/2017/11/30/opinions/newsroom-diversity-mainstream-media-opinion-love/index.html,04-25-2018
7,https://www.cnn.com/2017/11/30/opinions/rt-foreign-agent-media-transparency-nossel-opinion/index.html,04-25-2018
7,https://www.cnn.com/2017/11/29/opinions/press-freedom-for-student-journalists-lomonte-opinion/index.html,04-25-2018
7,http://www.cnn.com/specials/opinions/what-its-like-to-be-me,04-25-2018
7,https://www.cnn.com/2018/03/20/opinions/caregiving-what-its-like-to-be-me-wes-ely-opinion/index.html,04-25-2018
7,https://www.cnn.com/2017/12/20/opinions/what-its-like-to-be-me-disability-rebecca-cokley-opinion/index.html,04-25-2018
7,https://www.cnn.com/2017/04/25/opinions/ivf-3-7-percent-opinion-lenti/index.html,04-25-2018
7,https://www.cnn.com/2017/04/28/opinions/opinions-ivf-adoption-reaction/index.html,04-25-2018
7,https://www.cnn.com/videos/opinions/2017/04/03/single-mom-twins-sarah-lenti.cnn,04-25-2018
7,https://www.cnn.com/2017/12/21/opinions/best-of-2017-opinions/index.html,04-25-2018
7,http://www.cnn.com/interactive/2017/12/opinions/crystal-ball-2018/,04-25-2018
7,https://www.cnn.com/2017/12/19/opinions/trumps-five-big-achievements-frida-opinion/index.html,04-25-2018
7,https://www.cnn.com/2017/10/26/opinions/mark-halperin-women-should-not-stay-silent-mcmanus/index.html,04-25-2018
7,https://www.cnn.com/2017/04/19/opinions/human-rights-cycle-violence-nikki-haley/index.html,04-25-2018
7,https://www.cnn.com/2017/06/14/opinions/calm-the-rhetoric-heye/index.html,04-25-2018
7,https://www.cnn.com/2017/04/29/opinions/gallery/trump-100-days-cartoon-gallery/index.html,04-25-2018
7,https://www.cnn.com/2017/04/22/opinions/science-and-government-opinion-bill-nye/index.html,04-25-2018
7,https://www.cnn.com/2017/02/18/opinions/george-takei-japanese-american-internment-day-of-remembrance/index.html,04-25-2018
7,https://www.cnn.com/2017/01/30/opinions/david-axelrod-i-woke-up-this-morning-as-an-alternative-fact/index.html,04-25-2018
7,https://www.cnn.com/2017/01/18/opinions/trump-presidency-international-views-roundup/index.html,04-25-2018
7,https://www.cnn.com/2017/01/20/opinions/david-axelrod-obamas-legacy-cant-be-erased/index.html,04-25-2018
7,https://www.cnn.com/2017/01/20/opinions/gallery/2017-opinion-cartoon-galley/index.html,04-25-2018
7,https://www.cnn.com/2016/12/21/opinions/best-of-2016-opinions/index.html,04-25-2018
7,https://www.cnn.com/2016/10/18/opinions/cartooning-through-the-presidential-campaign-thomas-mcclure/index.html,04-25-2018
7,https://www.cnn.com/2016/10/11/opinions/america-will-take-giant-leap-to-mars-barack-obama/index.html,04-25-2018
7,https://www.cnn.com/2016/10/11/opinions/cnn-films-we-will-rise-michelle-obama/index.html,04-25-2018
7,https://www.cnn.com/2016/07/14/opinions/vp-knowledge-quiz/index.html,04-25-2018
7,https://www.cnn.com/2016/07/15/opinions/zika-becoming-an-std-laurie-garrett/index.html,04-25-2018
7,https://www.cnn.com/2016/06/12/opinions/orlando-homegrown-terror-bergen/index.html,04-25-2018
7,https://www.cnn.com/2016/06/07/opinions/stanford-rape-case-letter-robbins/index.html,04-25-2018
7,https://www.cnn.com/2016/05/09/opinions/sutter-gender-neutral-restrooms/index.html,04-25-2018
7,https://www.cnn.com/2016/03/23/opinions/rob-ford-opinion-krill/index.html,04-25-2018
7,https://www.cnn.com/2016/05/09/opinions/trump-must-answer-for-his-record-dantonio/index.html,04-25-2018
7,https://www.cnn.com/2016/02/14/opinions/david-axelrod-surprise-request-from-justice-scalia/index.html,04-25-2018
7,https://www.cnn.com/2016/02/29/opinions/donald-trump-knows-what-hes-doing-race-opinion-dantonio/index.html,04-25-2018
7,https://www.cnn.com/2016/02/28/opinions/campaign-echoes-of-1930s-opinion-ghitis/index.html,04-25-2018
7,https://www.cnn.com/2016/01/21/opinions/mccullough-why-so-many-holidays/index.html,04-25-2018
7,https://www.cnn.com/2016/02/28/opinions/trump-first-amendment-protections-opinion-randazza/index.html,04-25-2018
7,https://www.cnn.com/2016/01/19/opinions/generation-opinion-roundup/index.html,04-25-2018
7,https://www.cnn.com/2016/02/21/opinions/scalia-argument-capital-punishment-prejean/index.html,04-25-2018
7,https://www.cnn.com/2016/01/15/opinions/gold-new-yorkers-ted-cruz/index.html,04-25-2018
7,https://www.cnn.com/2015/11/10/opinions/melinek-working-stiff-book-excerpt/index.html,04-25-2018
7,https://www.cnn.com/2015/10/14/opinions/mcwhorter-pronouns-gender-neutral/index.html,04-25-2018
7,https://www.cnn.com/2015/10/15/opinions/green-ethics-of-mars-settlement/index.html,04-25-2018
7,https://www.cnn.com/2015/10/20/opinions/wheeler-back-to-the-future-day/index.html,04-25-2018
7,https://www.cnn.com/2015/10/05/opinions/cupp-being-13-bullying/index.html,04-25-2018
7,https://www.cnn.com/2015/09/11/opinions/parini-biden-colbert/index.html,04-25-2018
7,https://www.cnn.com/2015/08/05/opinions/abbott-declercq-pregnancy-loss/index.html,04-25-2018
7,https://www.cnn.com/2015/07/31/opinions/ghitis-cecil-outrage/index.html,04-25-2018
7,https://www.cnn.com/2015/06/21/opinions/zelizer-why-run-for-president/index.html,04-25-2018
7,https://www.cnn.com/2015/04/02/opinions/top-cnn-opeds-april-2015/index.html,04-25-2018
7,https://www.cnn.com/2015/09/04/opinions/ghitis-syria-refugee-response/index.html,04-25-2018
7,https://www.cnn.com/2015/05/03/opinions/smart-high-speed-trains-america/index.html,04-25-2018
7,https://www.cnn.com/2015/04/07/opinions/costello-marriage-millennials/index.html,04-25-2018
8,https://www.dailykos.com/story/2018/4/25/1759839/-USA-press-freedoms-continue-to-shrink-as-Trump-s-cries-of-fake-news-spread-globally#comments,04-25-2018
8,https://www.dailykos.com/story/2018/4/24/1759650/-Idaho-activists-disprove-conventional-wisdom-Medicaid-expansion-on-the-ballot-is-in-sight#comments,04-25-2018
8,https://www.dailykos.com/story/2018/4/25/1759865/-Maryland-s-Republican-governor-signs-bump-stock-ban-and-other-gun-restrictions-into-law#comments,04-25-2018
8,https://www.dailykos.com/story/2018/4/25/1759859/-Democrats-retake-majority-in-New-York-Senate-but-wayward-member-is-keeping-Republicans-in-power#comments,04-25-2018
8,https://www.dailykos.com/story/2018/4/25/1759838/-Wherein-a-French-president-comes-to-the-U-S-Congress-and-completely-shows-up-smacks-down-Trump#comments,04-25-2018
8,https://www.dailykos.com/story/2018/4/25/1759927/-Michael-Cohen-asserts-5th-Amendment-rights-against-self-incrimination-in-Stormy-case#comments,04-25-2018
8,https://www.dailykos.com/story/2018/4/24/1759632/-Cartoon-Golfing-While-Black#comments,04-25-2018
8,https://www.dailykos.com/story/2018/4/25/1759881/-Ben-Carson-wants-to-triple-rents-for-low-income-Americans-with-housing-assistance#comments,04-25-2018
8,https://www.dailykos.com/story/2018/4/25/1759903/-New-report-on-Dr-Jackson-is-juicy-including-a-drunken-car-crash-and-self-prescribing#comments,04-25-2018
8,https://www.dailykos.com/story/2018/4/25/1759883/-Why-the-GOP-s-narrow-special-election-win-in-Arizona-should-have-them-totally-panicked-for-November#comments,04-25-2018
8,https://www.dailykos.com/story/2018/4/25/1759872/-Most-Supreme-Court-observers-but-not-all-think-justices-will-back-Trump-s-Muslim-ban-3-0#comments,04-25-2018
8,https://www.dailykos.com/story/2018/4/25/1759866/-CIA-refuses-to-declassify-Haspel-s-torture-record-at-senators-request#comments,04-25-2018
9,https://www.foreignaffairs.com/articles/2018-04-16/democracy-dying,04-25-2018
9,https://www.foreignaffairs.com/articles/united-states/2018-04-16/big-shift,04-25-2018
9,https://www.foreignaffairs.com/articles/2018-04-16/age-insecurity,04-25-2018
9,https://www.foreignaffairs.com/articles/2018-04-16/end-democratic-century,04-25-2018
9,https://www.foreignaffairs.com/articles/asia/2018-04-16/autocracy-chinese-characteristics,04-25-2018
9,https://www.foreignaffairs.com/articles/hungary/2018-04-16/eastern-europes-illiberal-revolution,04-25-2018
9,https://www.foreignaffairs.com/articles/china/2018-04-17/chinas-new-revolution,04-25-2018
9,https://www.foreignaffairs.com/articles/middle-east/2018-03-19/fresh-prince,04-25-2018
9,https://www.foreignaffairs.com/articles/north-korea/2018-04-01/right-way-coerce-north-korea,04-25-2018
9,https://www.foreignaffairs.com/articles/north-korea/2018-04-05/perception-and-misperception-korean-peninsula,04-25-2018
9,https://www.foreignaffairs.com/articles/world/2018-04-16/opioids-masses,04-25-2018
9,https://www.foreignaffairs.com/articles/world/2018-04-16/globalization-not-retreat,04-25-2018
9,https://www.foreignaffairs.com/articles/burma-myanmar/2018-04-16/where-myanmar-went-wrong,04-25-2018
9,https://www.foreignaffairs.com/articles/2018-04-10/gene-editing-good,04-25-2018
9,https://www.foreignaffairs.com/articles/2018-04-16/keep-crispr-safe,04-25-2018
9,https://www.foreignaffairs.com/articles/2018-04-16/new-killer-pathogens,04-25-2018
10,http://www.foxnews.com//www.foxnews.com/opinion.html,04-25-2018
10,http://www.foxnews.com/opinion/2018/04/25/alan-dershowitz-trump-foes-seek-to-take-away-his-legal-rights-endangering-everyones-rights.html,04-25-2018
10,http://www.foxnews.com/opinion.html,04-25-2018
10,http://www.foxnews.com/opinion/2018/04/25/in-gaza-hamas-is-oppressor-not-israel.html,04-25-2018
10,http://www.foxnews.com/opinion/2018/04/24/hidden-symbols-state-dinner-gilt-mirrors-special-bouquet-chocolate-and-more.html,04-25-2018
10,http://www.foxnews.com/opinion/2018/04/24/on-marijuana-let-food-and-drug-administration-make-decisions.html,04-25-2018
10,http://www.foxnews.com/opinion/2018/04/23/todd-starnes-bible-gets-bad-review-from-gq-magazine-although-its-bestselling-book-in-history.html,04-25-2018
10,http://www.foxnews.com/opinion/2018/04/23/ainsley-earhardt-god-put-me-here-for-reason-read-excerpt-from-light-within-me.html,04-25-2018
10,http://www.foxnews.com/opinion/2018/04/22/green-beret-left-is-wrong-am-warrior-not-victim.html,04-25-2018
10,http://www.foxnews.com/opinion/2018/04/25/greg-gutfeld-opioids-facts-and-fallacies.html,04-25-2018
10,http://www.foxnews.com/opinion/2018/04/25/newt-gingrich-trump-and-macron-are-two-leading-reformers-trying-to-drain-swamp.html,04-25-2018
10,http://www.foxnews.com/opinion/2018/04/25/alfie-evans-deserves-chance-to-fight-for-his-life-why-is-uk-determined-to-let-him-die.html,04-25-2018
10,http://www.foxnews.com/opinion/2018/04/25/kanye-tweets-right-what-happens-when-hip-hop-icon-takes-red-pill-and-dares-to-challenge-liberals.html,04-25-2018
10,http://www.foxnews.com/opinion/2018/04/25/will-uk-really-let-alfie-evans-die-in-hospital-unwilling-to-treat-him.html,04-25-2018
10,http://www.foxnews.com/opinion/2018/04/25/michael-goodwin-andrew-cuomo-faced-with-cynthia-nixon-s-challenge-from-left-is-now-running-scared.html,04-25-2018
10,http://www.foxnews.com/opinion/2018/04/25/marc-thiessen-va-desperately-needs-combat-medic-not-management-guru.html,04-25-2018
10,http://www.foxnews.com/opinion/2018/04/24/trump-opposition-to-iran-deal-may-kill-chances-for-north-korea-nuke-deal.html,04-25-2018
10,http://www.foxnews.com/opinion/2018/04/20/sen-tammy-duckworth-bringing-baby-to-senate-floor-shines-new-light-on-working-parents.html,04-25-2018
10,http://www.foxnews.com/opinion/2018/04/20/earth-day-has-embraced-hysteria-and-abandoned-science.html,04-25-2018
10,http://www.foxnews.com/opinion/2018/04/19/professor-celebrating-barbara-bush-s-death-deserves-to-be-fired.html,04-25-2018
10,http://www.foxnews.com/opinion/2018/04/18/why-should-be-rooting-for-cardi-b.html,04-25-2018
10,http://www.foxnews.com/opinion/2018/04/24/supreme-court-and-trump-travel-ban-case-whats-really-at-stake-is-our-countrys-future.html,04-25-2018
10,http://www.foxnews.com/opinion/2018/04/24/cal-thomas-are-todays-evangelicals-following-jesus-or-following-trump.html,04-25-2018
10,http://www.foxnews.com/opinion/2018/04/23/mike-pompeo-will-be-great-secretary-state-no-matter-what-democrats-say.html,04-25-2018
10,http://www.foxnews.com/opinion/2018/04/23/iran-spreads-lies-claiming-america-supports-terrorists-after-us-led-attack-on-syria.html,04-25-2018
10,http://www.foxnews.com/opinion/2018/04/23/here-are-four-ways-republicans-can-guarantee-lose-congress-in-november.html,04-25-2018
10,http://www.foxnews.com/opinion/2018/04/23/will-trumps-new-syria-strategy-work.html,04-25-2018
10,http://www.foxnews.com/opinion/2018/04/23/andy-puzder-what-trump-haters-dont-get-about-incredible-power-american-capitalism.html,04-25-2018
10,http://www.foxnews.com/opinion/2018/04/21/what-carrie-underwoods-new-face-and-scar-reveal-can-teach-us-about-faith.html,04-25-2018
10,http://www.foxnews.com/opinion/2018/04/22/newt-gingrich-glimpse-america-s-future-in-space-in-2024.html,04-25-2018
10,http://www.foxnews.com/opinion/2018/04/21/media-war-on-trump-continues-around-clock-and-other-proof-media-bias.html,04-25-2018
10,http://www.foxnews.com/opinion/2018/04/21/how-long-will-be-allowed-to-remain-christian.html,04-25-2018
10,http://www.foxnews.com/opinion/2018/04/25/newt-gingrich-trump-and-macron-are-two-leading-reformers-trying-to-drain-swamp.html,04-25-2018
10,http://www.foxnews.com/opinion/2018/04/25/alfie-evans-deserves-chance-to-fight-for-his-life-why-is-uk-determined-to-let-him-die.html,04-25-2018
10,http://www.foxnews.com/opinion/2018/04/25/kanye-tweets-right-what-happens-when-hip-hop-icon-takes-red-pill-and-dares-to-challenge-liberals.html,04-25-2018
10,http://www.foxnews.com/opinion/2018/04/25/will-uk-really-let-alfie-evans-die-in-hospital-unwilling-to-treat-him.html,04-25-2018
11,https://www.mediaite.com,04-25-2018
11,https://www.mediaite.com/tv/the-media-yawns-at-joy-reids-homophobic-remarks-would-they-do-the-same-if-it-were-hannity/,04-25-2018
11,https://www.mediaite.com/online/this-might-be-the-only-way-for-the-gop-to-survive-trump-2020/,04-25-2018
11,https://www.mediaite.com/online/how-is-trumps-john-barron-fortune-400-scam-not-an-earth-shattering-story/,04-25-2018
11,https://www.mediaite.com/columnists/nikki-haley-has-an-impossible-tight-rope-to-walk-if-she-wants-to-one-day-become-president/,04-25-2018
11,https://www.mediaite.com/tv/of-course-sean-hannity-didnt-want-us-to-know-michael-cohen-was-his-lawyer/,04-25-2018
11,https://www.mediaite.com/tv/from-stormy-daniels-to-james-comey-can-we-stop-overhyping-these-non-bombshell-interviews/,04-25-2018
11,https://www.mediaite.com/tv/the-james-comey-interview-should-be-totally-devastating-but-will-be-mostly-meaningless/,04-25-2018
11,https://www.mediaite.com/columnists/will-trump-actually-bomb-syria-sunday-to-knock-comey-out-of-the-news-cycle/,04-25-2018
11,https://www.mediaite.com/online/why-is-the-wall-street-journal-ignoring-its-own-role-in-andrew-mccabes-firing-2/,04-25-2018
11,https://www.mediaite.com/columnists/why-trump-being-beholden-to-the-national-enquirer-might-be-as-problematic-as-russian-collusion/,04-25-2018
11,https://www.mediaite.com/tv/tucker-carlsons-pettiest-snipes-from-his-syria-showdown-with-noah-rothman/,04-25-2018
11,https://www.mediaite.com/columnists/if-trump-did-nothing-wrong-why-would-he-even-consider-firing-mueller-or-rosenstein/,04-25-2018
11,https://www.mediaite.com/tv/no-mr-president-the-fbi-raid-on-your-personal-lawyer-was-not-an-attack-on-our-country/,04-25-2018
11,https://www.mediaite.com/online/are-we-supposed-to-take-jimmy-kimmels-pathetic-apology-seriously/,04-25-2018
11,https://www.mediaite.com/columnists/hbos-paterno-movie-is-a-fairytale-based-on-a-media-created-myth/,04-25-2018
11,https://www.mediaite.com/tv/ainsley-earhardt-is-emerging-as-trumps-most-devout-and-shameless-sycophant-on-fox-friends/,04-25-2018
11,https://www.mediaite.com/online/the-atlantics-firing-of-kevin-williamson-was-wrong-in-nearly-every-way/,04-25-2018
11,https://www.mediaite.com/online/its-time-for-the-media-to-start-calling-donald-trump-what-he-is-a-fcking-liar/,04-25-2018
11,https://www.mediaite.com/online/exclusive-joy-reid-claims-newly-discovered-homophobic-posts-from-her-blog-were-fabricated/,04-25-2018
11,https://www.mediaite.com/online/lgbtq-group-rescinds-award-for-joy-reid-after-homophobic-blog-posts-revealed/,04-25-2018
11,https://www.mediaite.com/online/sean-hannity-responds-to-report-on-his-real-estate-empire-i-am-being-attacked/,04-25-2018
11,https://www.mediaite.com/tv/michael-cohen-case-reveals-sean-hannitys-massive-real-estate-empire/,04-25-2018
11,http://www.mediaite.com/,04-25-2018
12,https://www.nationalreview.com/,04-25-2018
12,https://www.nationalreview.com/2018/04/let-alfie-evans-go-to-rome-editorial/,04-25-2018
12,https://www.nationalreview.com/news/iranian-president-calls-trump-unqualified-tradesman/,04-25-2018
12,https://www.nationalreview.com/news/white-house-press-secretary-trump-has-not-hurt-freedom-of-press/,04-25-2018
12,https://www.nationalreview.com/2018/04/the-daca-decision-and-the-judicial-threat-to-the-rule-of-law/,04-25-2018
12,https://www.nationalreview.com/news/harry-reid-trump-impeachment-talk-lowered-democrats/,04-25-2018
12,https://www.nationalreview.com/news/joy-reid-cyber-security-expert-bragged-nazi-ties/,04-25-2018
12,https://www.nationalreview.com/2018/04/the-alfie-evans-case-highlights-the-dangers-of-defending-selective-abortion/,04-25-2018
12,https://www.nationalreview.com/2018/04/rand-paul-mike-pompeo-flip-flop-dont-blame-him/,04-25-2018
12,https://www.nationalreview.com/news/joy-reid-homophobic-posts-lgbt-group-pull-award/,04-25-2018
12,https://www.nationalreview.com/news/emmanuel-macron-fake-news-virus-congress-fight/,04-25-2018
